ID Geography,Geography,Foreign-Born Citizens (2015),Foreign-Born Citizens (2016),Foreign-Born Citizens (2017),Foreign-Born Citizens (2018),Foreign-Born Citizens (2019),Foreign-Born Citizens (2020),Foreign-Born Citizens (2021),Foreign-Born Citizens (2022),Population (2013),Population (2014),Population (2015),Population (2016),Population (2017),Population (2018),Population (2019),Population (2020),Population (2021),Population (2022)
"50000US0101","Congressional District 1, AL",20143,19923,20406,21477,21714,21117,21675,21530,687708,691709,695961,699597,702730,706503,710135,714379,722794,718903
"50000US0102","Congressional District 2, AL",19793,19106,18855,18969,19493,19328,19966,23767,685502,685500,684660,683013,681443,680575,679684,678978,689681,714527
"50000US0103","Congressional District 3, AL",20610,19907,21468,21625,22474,22801,23963,20049,686997,692659,697296,700551,703772,706705,708888,713404,731482,717658
"50000US0104","Congressional District 4, AL",25660,25602,26235,24867,25800,24922,25630,25689,683241,683276,682859,683607,683508,683391,684757,687640,702255,717747
"50000US0105","Congressional District 5, AL",31396,31621,30944,30861,31424,30990,33236,33380,689995,695876,700501,704796,708691,714145,720362,728414,751690,720871
"50000US0106","Congressional District 6, AL",32671,32087,31866,32018,32592,30101,30408,30216,684488,688346,692738,694370,698968,703715,704770,708092,731505,711393
"50000US0107","Congressional District 7, AL",16951,17258,18152,18294,19460,18806,18561,22065,681346,680312,676605,675230,671659,669646,667654,662279,668268,726993
"50000US0200","Congressional District (at Large), AK",54047,55247,56043,57399,57667,57356,57938,57902,720316,728300,733375,736855,738565,738516,737068,736990,735951,734821
"50000US0401","Congressional District 1, AZ",46781,45618,45934,46587,47518,46673,47397,99580,714905,724361,727454,735985,741377,753580,762575,772404,758861,789173
"50000US0402","Congressional District 2, AZ",79893,80417,79348,79345,79912,78515,76585,45650,714909,716939,719851,720794,717718,719924,724083,732897,729613,798999
"50000US0403","Congressional District 3, AZ",154366,156632,158394,163342,164383,164305,158281,204380,713955,725399,732596,739672,751029,771436,776579,780637,780580,807937
"50000US0404","Congressional District 4, AZ",63653,62299,62305,61939,58651,62971,61526,105992,714295,724501,730220,738648,749187,768077,786254,811947,796390,801287
"50000US0405","Congressional District 5, AZ",74266,75315,77128,78606,82099,85414,86746,77794,729216,743690,761257,765403,782680,803186,820915,842222,860467,787758
"50000US0406","Congressional District 6, AZ",99251,101667,103617,108017,111169,112574,105969,69661,725035,729975,739321,752459,762220,776729,792368,806918,769040,784933
"50000US0407","Congressional District 7, AZ",200489,202042,201810,205096,203358,206088,198392,157501,718975,733248,744743,767495,782330,801173,811872,827379,792891,806472
"50000US0408","Congressional District 8, AZ",70018,70228,72914,74690,77805,78400,79519,90496,724968,734569,744439,753310,761786,777804,790494,806027,821009,784453
"50000US0409","Congressional District 9, AZ",107333,107395,110412,115596,115797,112695,107730,81319,723445,728834,742047,754811,761619,774776,785159,793633,770352,811270
"50000US0501","Congressional District 1, AR",14014,13605,13643,13349,13368,14381,14351,15280,727814,727516,726282,724990,723743,722915,721413,720941,717868,754109
"50000US0502","Congressional District 2, AR",29483,29760,31174,32208,32445,31934,31927,28639,738408,745257,750711,754821,757113,760604,762623,765408,767099,751268
"50000US0503","Congressional District 3, AR",72209,72278,73509,74246,76652,78814,79737,73148,740638,750491,761175,772676,782339,795817,807399,820935,831156,758572
"50000US0504","Congressional District 4, AR",23124,23400,22761,22686,22582,23013,22144,27861,726509,723772,720040,715985,714749,711335,707935,704589,690186,754720
"50000US0601","Congressional District 1, CA",44424,44301,45133,44199,43641,45852,46069,78594,703460,704170,704448,703985,704958,706822,706834,704482,708366,766231
"50000US0602","Congressional District 2, CA",95961,96030,95217,94967,93431,93036,96617,102899,705080,709377,712526,713613,717270,717732,716090,714171,722327,763623
"50000US0603","Congressional District 3, CA",131408,134521,137672,138700,140767,136840,138141,86200,706946,710463,716206,722896,730723,736039,742328,746967,757414,764866
"50000US0604","Congressional District 4, CA",63952,65707,67330,69637,70371,70331,73209,136205,704155,709026,712747,718699,726653,734899,741894,750420,760658,764345
"50000US0605","Congressional District 5, CA",149745,151230,150121,150901,149771,150207,150178,88835,709973,717238,720557,724966,727704,728000,727130,724984,728345,761352
"50000US0606","Congressional District 6, CA",167317,169077,172438,175692,177438,175283,178131,157609,709858,716945,725594,734450,743423,751475,760831,764174,781387,755594
"50000US0607","Congressional District 7, CA",133735,134692,138902,141256,144616,148722,154423,170148,711508,721345,729192,732954,739746,747097,751400,762260,778765,753515
"50000US0608","Congressional District 8, CA",91285,94336,94649,97287,100503,100665,104859,207839,701729,707590,712224,716168,719950,721709,724105,729399,749184,752780
"50000US0609","Congressional District 9, CA",164367,167726,169798,169914,171281,170575,176840,178217,713822,723517,730863,739025,750185,758327,768191,775716,796370,762122
"50000US0610","Congressional District 10, CA",147992,147165,150878,153758,154735,154263,156597,178083,708208,715504,723880,729022,737719,744389,751622,757213,764549,755993
"50000US0611","Congressional District 11, CA",181844,186670,192111,196613,202033,197110,199180,230022,713834,721629,732078,739386,749531,754654,761070,760284,767298,735920
"50000US0612","Congressional District 12, CA",248632,249784,252353,251107,251454,251201,249190,195618,709733,720093,731379,740337,752652,756773,762627,763777,757251,750210
"50000US0613","Congressional District 13, CA",196852,200573,206001,206340,204515,202991,206055,212488,713621,722995,733401,740683,750102,754861,759834,760817,772203,770975
"50000US0614","Congressional District 14, CA",275052,276464,280986,282810,284010,284361,282933,282022,716505,726899,736622,741332,750274,753548,753409,749549,747495,751587
"50000US0615","Congressional District 15, CA",243875,248874,256960,264361,270718,277780,284916,296193,715442,728585,741528,751439,764963,773841,779710,788527,796865,752065
"50000US0616","Congressional District 16, CA",180954,181154,179779,179836,179833,175159,174849,250547,707600,713649,717984,721109,725356,728535,731650,736400,747131,749237
"50000US0617","Congressional District 17, CA",346493,356819,366547,374935,384264,387121,388107,371760,715860,727638,740121,748800,762175,771459,779960,776763,780242,751593
"50000US0618","Congressional District 18, CA",203118,208832,216724,221027,224375,230069,234296,253458,717291,724501,728724,730782,735753,740932,741968,744487,744528,759200
"50000US0619","Congressional District 19, CA",265265,267285,273843,270846,270852,273665,272872,170861,711741,725285,738243,748954,760615,759866,758819,758327,754007,753931
"50000US0620","Congressional District 20, CA",192869,191703,192359,192724,191492,185659,189785,93004,711237,719355,725254,729525,734923,735667,737426,736750,744111,762132
"50000US0621","Congressional District 21, CA",209110,206949,205355,206211,205980,201869,198380,163657,704931,710712,711866,711464,712221,712857,713144,713346,710344,758893
"50000US0622","Congressional District 22, CA",132155,133444,135007,136478,137581,138171,139504,203774,715511,724506,734495,739449,748078,755464,763702,769728,786891,780816
"50000US0623","Congressional District 23, CA",100429,101508,101171,102947,104587,107487,112925,107022,710045,717203,723632,730050,738134,740768,743054,748143,771198,758852
"50000US0624","Congressional District 24, CA",130805,131344,131899,131752,132213,128915,128718,132557,709257,715126,722051,727935,732284,734027,735979,736030,739183,760229
"50000US0625","Congressional District 25, CA",148420,148797,145668,145973,141311,139323,146996,189667,707291,712071,718475,719970,720000,718950,714481,710525,745689,763179
"50000US0626","Congressional District 26, CA",169525,170348,169035,165168,163148,158290,156818,173207,707173,713059,717882,720336,725161,725953,725558,724221,722958,757602
"50000US0627","Congressional District 27, CA",274416,275120,277662,277367,276955,274184,270364,159026,709635,714256,716789,717212,719377,717944,714769,711767,708388,747561
"50000US0628","Congressional District 28, CA",295022,291318,287984,284418,278058,272878,267007,271520,707712,714098,716256,716990,717921,715011,712362,712193,704354,748192
"50000US0629","Congressional District 29, CA",313926,313784,311644,308638,306951,302577,296541,304972,703728,707030,714303,717765,721965,721304,720207,715422,703638,742347
"50000US0630","Congressional District 30, CA",247364,249610,253973,255547,254724,252080,247615,269210,722785,735233,745240,750372,758784,764572,767589,773221,761222,744757
"50000US0631","Congressional District 31, CA",161526,161290,160160,159588,157320,155531,155234,259939,711429,721640,729036,733581,740071,744628,748362,752561,754741,749679
"50000US0632","Congressional District 32, CA",252397,251236,256132,254976,253772,249731,247618,231040,706679,715691,718864,719110,721884,719643,712870,707305,705766,764598
"50000US0633","Congressional District 33, CA",164626,163633,164331,162514,161834,160386,159614,171151,707889,712287,715480,713625,715197,713727,711557,708972,709488,757643
"50000US0634","Congressional District 34, CA",347355,344012,342943,337697,332215,327410,317072,334381,704448,706331,714351,720384,728048,729285,733639,734546,716495,766809
"50000US0635","Congressional District 35, CA",221580,220780,217308,218575,220499,216141,212808,218027,716782,723202,727007,730260,735165,741990,747555,748454,739237,767456
"50000US0636","Congressional District 36, CA",164836,162446,162430,161237,160071,159795,159584,178714,706250,722617,733025,736044,740835,743337,748453,755516,747370,740438
"50000US0637","Congressional District 37, CA",231306,230408,230237,232568,230562,223711,220575,259266,713090,717062,719856,722138,721893,724002,724598,727449,712613,756145
"50000US0638","Congressional District 38, CA",218491,218029,217819,217012,215442,211307,208247,240684,711297,714959,717038,717228,720150,716869,713171,706482,711540,754110
"50000US0639","Congressional District 39, CA",237581,238442,237133,237171,239132,236681,234771,191660,712540,719303,722109,722857,726854,727834,728841,732667,733331,759924
"50000US0640","Congressional District 40, CA",297083,293520,292625,289244,286951,282421,280068,181277,701875,706825,709734,709435,714946,711793,715562,708362,700867,754432
"50000US0641","Congressional District 41, CA",178045,180434,182863,186129,190536,193581,190001,143229,714117,723608,729223,739304,747233,754152,762664,768401,752956,770422
"50000US0642","Congressional District 42, CA",149164,151029,153110,154678,154813,155751,154932,236318,724529,735866,749374,761341,777599,795401,809051,822515,820055,752589
"50000US0643","Congressional District 43, CA",222273,223572,226807,226343,230947,232074,232544,243030,702734,709580,718044,719530,726570,727621,730307,727766,733353,747415
"50000US0644","Congressional District 44, CA",247566,247424,246521,243882,240681,240247,241617,244165,706910,715526,719482,721109,723533,723072,718922,711773,714444,756441
"50000US0645","Congressional District 45, CA",209038,213950,218800,224643,229352,226186,236875,271077,716463,727633,740844,749687,762519,772341,779324,781871,806990,756570
"50000US0646","Congressional District 46, CA",295321,293944,291720,288448,284178,276220,263935,284578,710251,717316,721847,726307,730094,728906,730435,730071,710498,759331
"50000US0647","Congressional District 47, CA",215381,212784,214225,210747,207647,206201,207642,199103,711858,716563,719582,716958,717209,714812,711813,709979,714590,753964
"50000US0648","Congressional District 48, CA",178545,178129,178474,176960,175924,175422,175148,126068,709915,716473,722403,723983,727426,726516,723594,720586,718069,764088
"50000US0649","Congressional District 49, CA",124046,125316,127376,129338,128806,130778,127288,130360,709509,717346,724280,729768,736520,737614,740198,741671,735611,756381
"50000US0650","Congressional District 50, CA",142106,143662,145748,143590,143150,142848,144183,155756,710172,720932,730427,736001,744267,747793,750181,748893,752367,735988
"50000US0651","Congressional District 51, CA",251159,249845,249807,247365,244520,236627,229784,170157,711858,722365,728256,730710,730908,729654,731761,736161,724859,762631
"50000US0652","Congressional District 52, CA",168122,172010,176148,177031,178785,178674,176067,239999,711522,722414,731075,742154,754053,765158,768293,774895,757448,769351
"50000US0801","Congressional District 1, CO",113600,113955,115576,116602,113491,108360,108241,99073,740254,754428,771214,786253,802167,818722,832187,843348,831812,717038
"50000US0802","Congressional District 2, CO",55599,57343,59472,60568,59911,58281,58969,61482,732796,743871,757740,771980,782425,796438,807266,817394,822288,718206
"50000US0803","Congressional District 3, CO",44814,44733,44811,44775,45131,43833,44346,37761,720369,721514,723937,727398,731888,739107,744735,752192,755131,723027
"50000US0804","Congressional District 4, CO",60062,60251,62345,63955,66579,67905,69393,50179,728317,740752,751207,764153,780344,799390,819625,837275,858938,727411
"50000US0805","Congressional District 5, CO",49786,50062,49332,50653,51765,52079,52022,49065,729855,742085,751270,761749,772116,786912,798375,811504,824439,722030
"50000US0806","Congressional District 6, CO",112700,115721,117789,120246,123300,124714,127404,112061,737221,749853,766265,779950,792196,805844,817676,825402,827989,721810
"50000US0807","Congressional District 7, CO",79221,82388,84251,86189,86354,84357,85105,44643,730517,745077,757273,767812,775383,784728,790485,797811,802579,719604
"50000US0900","Congressional Districts not defined, CT",,,,0,,0,0,0,,,,,,0,,0,0,0
"50000US0901","Congressional District 1, CT",110378,108861,110244,109646,108888,108937,110305,109552,716937,716939,716277,715145,715329,713076,711553,709090,715324,718451
"50000US0902","Congressional District 2, CT",49629,50156,50657,50341,50408,50866,50647,52938,714344,714049,712023,709761,708127,705024,702769,701886,702074,723724
"50000US0903","Congressional District 3, CT",87989,88666,88320,90501,93886,95676,97844,97094,714568,716410,717105,715345,717162,715728,713930,711468,716576,723601
"50000US0904","Congressional District 4, CT",154926,158049,164280,164224,165572,163855,169238,167790,722189,728317,732795,733754,738259,735915,735686,736148,745946,722029
"50000US0905","Congressional District 5, CT",97367,97597,98550,99018,102359,102184,106395,112171,715523,716338,715022,714565,715601,711761,711136,711957,725410,723512
"50000US1000","Congressional District (at Large), DE",80163,82550,86028,87378,91473,91133,94639,96782,908446,917060,926454,934695,943732,949495,957248,967679,981892,993635
"50000US1198","Delegate District (at Large), DC",91588,92513,94421,96158,95065,94193,92191,89199,619371,633736,647484,659009,672391,684498,692683,701974,683154,670587
"50000US1201","Congressional District 1, FL",38965,38541,40113,41698,42703,44914,47707,47079,710443,720838,730495,741949,748579,759701,771279,785773,797259,772291
"50000US1202","Congressional District 2, FL",36950,35008,35157,36728,38201,38482,40443,43964,700791,705039,709294,709130,712695,719213,722465,726881,729598,775769
"50000US1203","Congressional District 3, FL",51733,51909,52066,54377,56661,58311,58802,60902,702086,704221,708395,713474,720286,728979,738669,747806,761626,769691
"50000US1204","Congressional District 4, FL",71452,70941,75769,80811,83862,88752,96238,50418,705446,711805,720248,747076,763855,780575,800945,820783,851023,775118
"50000US1205","Congressional District 5, FL",92226,48439,50638,53189,54754,54418,56466,105421,694661,702714,717890,718313,722646,729038,731618,737321,748057,770573
"50000US1206","Congressional District 6, FL",55101,57456,57821,60911,62262,65385,67610,60649,706678,716304,727502,728594,740950,753500,767325,783276,789744,779543
"50000US1207","Congressional District 7, FL",83540,94893,97344,103939,108632,110797,115189,97258,703609,712793,722591,737984,748154,757809,768317,775811,781734,771916
"50000US1208","Congressional District 8, FL",63698,64365,65425,66458,66960,69862,70583,72627,699213,704638,711293,720695,730040,742230,754594,766728,775458,773536
"50000US1209","Congressional District 9, FL",158473,130737,137766,142413,149350,155850,170020,182864,730456,745639,764578,780261,810034,837026,869762,895237,930697,754301
"50000US1210","Congressional District 10, FL",102011,171902,183537,194685,203447,214230,221403,164724,711871,727409,744302,762103,787875,808969,823865,843134,867042,785358
"50000US1211","Congressional District 11, FL",46420,48468,49680,50802,51531,54672,57009,120525,701538,709489,716483,727833,738652,754649,772901,790906,805200,776905
"50000US1212","Congressional District 12, FL",73416,71358,74766,77497,81698,86573,89529,67551,702789,709722,718791,729430,743356,757719,772330,788853,798316,770735
"50000US1213","Congressional District 13, FL",86523,82878,85209,87964,89561,88576,88071,94827,697699,701045,705404,711119,717518,723658,729991,736584,725783,768555
"50000US1214","Congressional District 14, FL",127369,137382,142824,151178,160115,167966,168075,144927,713146,725056,740136,739946,750173,763832,788251,802492,788149,772661
"50000US1215","Congressional District 15, FL",81403,83489,87720,94808,100385,105627,110324,125902,707138,716560,721727,745465,761327,777638,789855,805103,812631,785390
"50000US1216","Congressional District 16, FL",89666,99133,103561,105896,112071,113410,114856,103917,706740,717249,730336,760542,782096,804662,831418,853737,861259,774262
"50000US1217","Congressional District 17, FL",85555,82088,83616,83743,86798,85036,83659,105373,703962,711159,722477,729130,743040,756549,773684,788069,773890,785836
"50000US1218","Congressional District 18, FL",102230,107823,113261,117589,120330,120881,123838,93748,696908,706940,717984,730787,744294,757228,771253,781418,783441,780642
"50000US1219","Congressional District 19, FL",120505,126330,133963,141968,144772,147614,147074,129293,710604,723552,738277,757388,777171,797066,813477,834988,826628,772972
"50000US1220","Congressional District 20, FL",239177,261830,263773,269798,275875,271813,274118,271478,714259,724296,738136,752660,765067,778060,788175,791022,787098,773320
"50000US1221","Congressional District 21, FL",189855,190159,201769,206327,213158,221404,231655,122207,712934,724095,735036,738761,754832,762765,772206,782529,784165,776143
"50000US1222","Congressional District 22, FL",177555,192168,199053,205079,208262,212787,218734,231554,706206,716067,722209,733500,742818,750149,755091,765204,767612,768503
"50000US1223","Congressional District 23, FL",276868,259432,268515,276492,281690,286687,288920,213735,713773,725025,733644,741077,751320,756127,760118,768038,762612,762506
"50000US1224","Congressional District 24, FL",291044,300440,309867,318389,323725,328920,337705,352022,700716,717150,733049,734086,741759,750906,746402,749846,748479,780118
"50000US1225","Congressional District 25, FL",382775,414218,424629,427372,432682,439064,433671,286494,705108,720794,736959,744163,756894,763720,771549,775411,769234,765444
"50000US1226","Congressional District 26, FL",350859,353031,366710,370439,368667,371373,376347,433731,721723,732043,738104,761160,772867,774375,768910,771373,785278,775185
"50000US1227","Congressional District 27, FL",400693,393713,402648,407417,407555,407729,390986,411273,710659,730150,740432,737825,750149,751996,747186,748601,727749,752682
"50000US1301","Congressional District 1, GA",38112,37077,37804,37674,36864,38483,39688,41268,703369,710221,717131,723376,727997,731698,737087,744521,752393,768625
"50000US1302","Congressional District 2, GA",25611,25344,25247,24197,23771,23287,22210,27628,695190,694393,692667,685992,680145,675246,670498,665536,671948,757675
"50000US1303","Congressional District 3, GA",34548,34647,37517,38096,38876,41029,43431,39919,695326,703287,708059,714264,721355,728046,735074,746086,756277,767633
"50000US1304","Congressional District 4, GA",114440,114659,119631,123412,123950,125604,131332,123577,705977,711856,723659,730842,739094,748744,755681,756133,768431,766420
"50000US1305","Congressional District 5, GA",66512,65729,66655,65560,68699,70323,73136,67836,707065,716450,725618,736159,751264,759756,771987,780778,778225,756319
"50000US1306","Congressional District 6, GA",149186,152066,158333,159151,162150,163022,161794,137951,704553,715913,724825,731334,742017,744905,750871,759318,757644,767777
"50000US1307","Congressional District 7, GA",179152,186759,194627,201325,209967,213323,222152,212301,712166,727878,745461,761511,778970,793740,811492,833680,854516,763613
"50000US1308","Congressional District 8, GA",32298,32237,32614,31090,31153,31106,32072,33721,696619,699609,700278,703464,703499,704814,706300,710259,715067,767071
"50000US1309","Congressional District 9, GA",55757,57079,58897,60188,59494,59929,61022,105837,697518,702933,708458,716774,725451,735832,747416,762916,770045,768577
"50000US1310","Congressional District 10, GA",39847,40337,40583,42232,43176,43792,44813,46487,700844,705185,710214,720981,728072,740458,750524,756449,765152,770605
"50000US1311","Congressional District 11, GA",88301,89183,89072,88948,89631,91355,92879,94199,700954,711199,723473,735547,744447,756192,765954,777408,788712,770928
"50000US1312","Congressional District 12, GA",29273,29639,31345,31630,32318,32053,31512,30186,697614,702694,706062,709370,713701,718746,724066,729203,734110,764339
"50000US1313","Congressional District 13, GA",80718,81155,81715,83111,84354,83723,86251,87858,700391,710658,723108,729459,740677,749389,759765,770115,788497,765369
"50000US1314","Congressional District 14, GA",47730,48734,49231,49407,49523,51026,51385,59827,692831,695480,697680,700247,704946,709918,717132,724177,724598,767374
"50000US1501","Congressional District 1, HI",157540,159100,161114,161208,163219,160855,166816,161915,689493,696823,703960,707396,711225,710707,710794,706681,729555,723185
"50000US1502","Congressional District 2, HI",91779,94451,95597,98378,99220,98817,97928,93093,686805,695881,702339,706277,710433,711322,711300,713393,723943,727404
"50000US1601","Congressional District 1, ID",38961,37667,39830,42496,43761,43624,45783,44505,794603,806371,819605,833727,849292,869560,888809,913009,941417,931503
"50000US1602","Congressional District 2, ID",58949,60090,58638,58532,58704,59449,58626,61304,788761,793093,796942,801756,808083,818249,828941,841358,870200,922606
"50000US1700","Congressional Districts not defined, IL",,,,0,,0,0,0,,,,,,0,,0,0,0
"50000US1701","Congressional District 1, IL",51932,51961,52191,51553,54952,53629,57094,51823,717722,714887,712393,710088,712456,708118,704031,705263,715763,754024
"50000US1702","Congressional District 2, IL",47866,48752,49053,50011,50199,47972,47744,53742,711444,711167,708498,704139,704321,703782,698741,692805,686546,755018
"50000US1703","Congressional District 3, IL",151072,150590,152313,149143,148380,146846,151707,204167,717099,718749,722289,722176,724628,717897,716449,708422,724550,746412
"50000US1704","Congressional District 4, IL",249456,240950,239383,232249,227822,220621,220324,226629,703545,708847,712139,702322,703303,699621,692435,683260,690373,735314
"50000US1705","Congressional District 5, IL",160562,160213,158265,158697,160862,155324,158679,148658,725210,727898,730336,732035,737064,740075,740867,737812,752522,753753
"50000US1706","Congressional District 6, IL",104239,105918,107546,109722,109162,109337,111249,116701,716669,723415,724337,724601,725875,727847,724005,723356,732738,754650
"50000US1707","Congressional District 7, IL",93261,95981,97133,100642,100520,104266,105967,99474,712795,721454,724029,728896,725329,724652,720978,720942,738479,730552
"50000US1708","Congressional District 8, IL",205177,205478,206129,205735,203843,203924,209508,200560,714863,715612,717333,716964,716738,715095,711775,708921,720276,753960
"50000US1709","Congressional District 9, IL",192672,191470,192208,189954,191318,185955,189625,193105,716172,714771,716040,718764,723142,723507,724839,724967,745865,749895
"50000US1710","Congressional District 10, IL",172623,172461,173866,175264,174886,171728,176148,142690,711839,713989,713687,713713,715072,712819,710717,705705,722961,753313
"50000US1711","Congressional District 11, IL",140429,137841,140079,140034,142489,139544,137654,115546,715141,717190,722840,722749,723626,722593,723342,717503,706594,750486
"50000US1712","Congressional District 12, IL",17689,16993,16837,17184,18045,17593,17417,14742,710492,709555,706390,703346,700568,697270,693580,690097,679543,752942
"50000US1713","Congressional District 13, IL",35985,35265,36138,37082,37473,37691,37415,41354,710184,711537,711498,709735,706023,704851,701843,700322,697929,751712
"50000US1714","Congressional District 14, IL",71362,67868,68487,69803,68381,72035,72690,94663,719211,721339,723419,725478,730782,735045,734105,741407,750475,757406
"50000US1715","Congressional District 15, IL",11604,12147,12491,12086,11958,11070,11505,12814,710402,708935,705952,703108,701048,696632,691765,687456,683592,754127
"50000US1716","Congressional District 16, IL",36485,36215,35934,37025,36687,36016,37493,32949,708930,706493,703553,700934,698425,695502,694781,691553,693820,751284
"50000US1717","Congressional District 17, IL",35100,34910,35477,34349,33204,32630,33911,44956,709584,706029,703051,698800,694242,688356,681131,675779,677247,752786
"50000US1801","Congressional District 1, IN",41981,41289,41038,41528,40562,40901,42666,44098,719598,719202,718511,717042,716518,715348,714677,715976,729457,753721
"50000US1802","Congressional District 2, IN",39181,39957,39740,40075,40787,40495,40529,44117,720177,720377,720975,721461,722649,722805,724054,724543,729091,752670
"50000US1803","Congressional District 3, IN",31554,31955,32551,33259,34501,34959,37310,36053,723786,727429,730697,733725,736567,739773,743000,747367,754959,753447
"50000US1804","Congressional District 4, IN",39494,40389,41852,43065,44568,44922,44302,47904,726582,732038,736048,741149,745099,750717,756185,762256,761534,756007
"50000US1805","Congressional District 5, IN",40987,41983,43060,45116,46235,48087,48841,39268,730100,734567,742679,749284,757787,767053,775550,782573,794485,756125
"50000US1806","Congressional District 6, IN",16606,17866,18358,19360,19582,19708,19965,48028,720913,720714,720403,719078,718307,718706,719099,720302,721972,752728
"50000US1807","Congressional District 7, IN",63860,67279,72070,74141,76757,78575,83759,72124,728065,736723,742788,747290,753500,755358,760897,766338,782178,750334
"50000US1808","Congressional District 8, IN",15035,15401,16345,16562,16859,18106,18092,18024,720771,721965,722271,721951,720806,719671,719002,719258,715129,754480
"50000US1809","Congressional District 9, IN",27724,28287,28687,28844,30128,30127,30330,25390,724869,729396,734273,738598,743185,747995,753239,758280,762535,754891
"50000US1901","Congressional District 1, IA",25225,27333,28564,29448,31334,31583,33117,37234,764196,766317,768669,769896,770452,772171,772352,772873,778247,797528
"50000US1902","Congressional District 2, IA",35850,36408,37036,39509,39993,41534,39779,29193,765751,769772,772811,775699,777339,780050,780574,782527,784135,795900
"50000US1903","Congressional District 3, IA",50403,51794,53987,55927,57561,58209,61254,61103,771876,781361,791250,801132,811951,822826,831497,841226,852016,799081
"50000US1904","Congressional District 4, IA",34898,35643,36892,36988,37559,39005,39716,46671,760730,760666,760796,759862,758360,757452,755085,753385,764692,796327
"50000US2001","Congressional District 1, KS",54755,55277,55495,55574,54767,51278,51666,52797,716679,719293,718749,716382,712978,708511,703509,697312,702619,734313
"50000US2002","Congressional District 2, KS",24045,23047,23359,23689,22990,22830,22746,41437,713181,714380,714500,714490,714182,714992,715046,715946,714255,734782
"50000US2003","Congressional District 3, KS",71523,72761,75338,78236,80270,80921,81619,60854,723284,731483,739564,746158,754183,762091,768619,774850,785916,733585
"50000US2004","Congressional District 4, KS",49983,49708,49644,49232,49834,49019,49065,50240,714963,717790,720174,721262,722477,723182,723478,724511,729309,733242
"50000US2101","Congressional District 1, KY",13311,13181,13766,13806,13304,13217,12652,14125,723918,725361,723936,723571,721011,720226,718563,718344,719030,751426
"50000US2102","Congressional District 2, KY",23739,24215,24937,26064,26362,27091,27715,28286,728692,734628,738714,743449,747700,753608,758608,764943,773346,753141
"50000US2103","Congressional District 3, KY",49699,51450,53120,55497,58245,60392,64255,62920,727843,732199,736054,739212,742664,745082,744534,744444,754909,746481
"50000US2104","Congressional District 4, KY",21361,20724,22292,22994,24545,24691,26824,25085,729435,735132,740371,743503,749054,753376,758440,763817,771347,751457
"50000US2105","Congressional District 5, KY",5699,6220,6321,6452,6453,6812,6546,6966,719558,717924,714056,711115,706248,702070,697180,693463,694860,750027
"50000US2106","Congressional District 6, KY",37249,38381,40286,42305,43076,44120,43852,42924,731887,738028,744222,751139,757699,765842,771727,776941,780649,750403
"50000US2201","Congressional District 1, LA",51775,52763,55329,56195,56403,54790,54128,51364,764563,775257,784820,792297,798345,801089,805517,802133,805369,768258
"50000US2202","Congressional District 2, LA",44912,46150,46946,46126,46649,48227,48887,50290,764555,771153,774078,779918,790128,789120,790750,793342,782637,769243
"50000US2203","Congressional District 3, LA",24057,23942,24534,24696,24277,24242,25839,24103,759751,765712,770817,775987,780962,783013,784883,785605,784283,771697
"50000US2204","Congressional District 4, LA",18294,19067,18981,18793,18578,18106,17364,18431,759767,761767,761080,759843,758769,753519,748317,745158,732845,774854
"50000US2205","Congressional District 5, LA",12999,13024,13625,13477,13627,12820,12701,14016,755125,755177,753229,752483,749991,747722,744080,743209,741889,775396
"50000US2206","Congressional District 6, LA",32799,32698,34379,34047,34774,34923,37144,37430,764207,771983,781229,785142,785266,789153,790815,795169,810282,781098
"50000US2301","Congressional District 1, ME",28820,29513,29686,30266,29784,30109,31106,31078,666179,667929,670268,673137,675074,679024,681859,686598,699795,683145
"50000US2302","Congressional District 2, ME",17789,18198,17940,17696,18174,18057,18225,20673,662141,660606,658832,656786,655084,653789,653633,654227,657251,683804
"50000US2401","Congressional District 1, MD",35995,36821,38043,37801,37438,38168,39486,41978,724195,725492,727304,728394,729888,730442,732773,734056,741327,773966
"50000US2402","Congressional District 2, MD",84549,87149,90340,90827,92053,89023,92519,84955,729128,736859,745184,751657,757951,762351,764509,768582,782892,769431
"50000US2403","Congressional District 3, MD",113759,115740,119152,121790,120911,119896,119896,110143,731197,735980,744150,747023,752897,756296,757053,756291,762898,770623
"50000US2404","Congressional District 4, MD",137956,138626,140401,144085,147208,151399,161971,211199,728380,736478,738944,741905,747699,749033,752243,755373,790373,764378
"50000US2405","Congressional District 5, MD",80165,82940,87477,90119,91485,92781,99526,68159,729196,739221,747788,753865,759228,760819,762356,764867,786660,774011
"50000US2406","Congressional District 6, MD",155856,157928,159789,159112,161437,162144,164643,127993,735955,742397,750122,755153,762155,765910,768933,770857,784464,777191
"50000US2407","Congressional District 7, MD",70849,75909,78655,81484,82465,83817,85506,67807,720427,726562,725370,727420,726536,719951,718530,717953,718069,764705
"50000US2408","Congressional District 8, MD",178700,179227,180864,178322,179897,178808,182497,240227,735821,744787,751676,754485,759725,758633,762451,769645,781862,767402
"50000US2501","Congressional District 1, MA",55258,55801,55691,55432,54263,54894,57881,60022,728954,730472,731275,730824,731327,730959,728716,727193,730273,778095
"50000US2502","Congressional District 2, MA",86428,87549,89571,92423,92844,94046,101628,109745,731605,735483,738797,740590,744002,747493,748728,749700,775094,771071
"50000US2503","Congressional District 3, MA",125383,128292,131367,135872,141630,141508,151544,153432,736076,742969,749922,754800,760993,763936,766238,768471,791898,776406
"50000US2504","Congressional District 4, MA",95493,97401,100911,104411,107576,107781,113948,122732,733514,738092,742694,747492,751263,754622,757680,760391,771803,778731
"50000US2505","Congressional District 5, MA",170602,171587,178964,185002,186306,188411,200699,199229,734831,743296,749525,753460,760616,766241,768212,771266,791364,776872
"50000US2506","Congressional District 6, MA",90572,94873,99129,103426,106193,107719,109469,111802,735939,743444,749825,755438,762560,767907,770005,773421,774573,777375
"50000US2507","Congressional District 7, MA",234316,240338,249544,255044,258878,259819,257465,249046,738091,748105,758973,768049,781304,795850,802775,808106,799546,773828
"50000US2508","Congressional District 8, MA",121186,125761,130207,134573,138012,140068,145775,151929,737611,745056,752164,756875,761328,764581,767105,770058,786564,772082
"50000US2509","Congressional District 9, MA",72645,72991,75871,77594,76637,77136,83815,73359,728437,730374,732411,734615,735926,738604,741094,744397,770737,779745
"50000US2601","Congressional District 1, MI",13085,13544,13200,13810,13747,13905,13501,14809,705497,704934,703859,702602,700228,699432,698033,697635,704864,777560
"50000US2602","Congressional District 2, MI",40177,40197,41010,42937,42525,41500,42099,14257,709220,713440,718740,724022,729695,735626,739228,742674,753783,777946
"50000US2603","Congressional District 3, MI",36463,37516,38921,40311,42095,41806,41286,56704,710613,714773,720096,725581,731521,737911,742923,747357,750350,773965
"50000US2604","Congressional District 4, MI",15106,14085,14529,14733,14369,14000,14142,41595,704169,704048,702929,701884,700749,701141,701512,701523,697813,774289
"50000US2605","Congressional District 5, MI",14759,15247,15937,15938,15455,15790,15509,20817,700582,695878,691727,687000,682884,679543,676131,674536,672455,773808
"50000US2606","Congressional District 6, MI",31252,30408,30554,32069,33046,33085,32737,98340,707787,709328,710981,712805,713718,716503,717930,720391,720211,770957
"50000US2607","Congressional District 7, MI",16196,16813,17959,18424,20005,20785,20957,42349,704897,705141,704416,704160,703759,705518,705993,706645,714616,773038
"50000US2608","Congressional District 8, MI",51265,53393,56314,57797,60161,59789,59335,18700,709288,714299,719666,723429,728626,736078,739522,741973,739057,773930
"50000US2609","Congressional District 9, MI",77588,77930,81984,81181,81771,81819,83191,30877,709794,711268,713802,715955,717306,718682,717778,715687,721023,774580
"50000US2610","Congressional District 10, MI",41237,41782,41683,42170,43709,44773,44138,103752,705742,706951,709685,711809,713551,717176,718572,720318,723323,772612
"50000US2611","Congressional District 11, MI",90703,94648,97675,100688,105459,106765,111505,109861,709416,712132,714349,717277,721434,727670,730595,733525,754129,774826
"50000US2612","Congressional District 12, MI",79899,81416,84285,86985,86769,87638,92606,76193,704455,704700,704504,705980,708323,711209,710371,710072,742875,770452
"50000US2613","Congressional District 13, MI",45622,46529,50152,51929,52666,53048,53420,62535,699734,693926,690748,684837,681222,679044,675497,672793,674752,769958
"50000US2701","Congressional District 1, MN",39147,40382,42090,43257,45545,45531,46397,47355,664864,666065,667238,668498,670131,672649,675187,677943,687886,712863
"50000US2702","Congressional District 2, MN",53347,53671,56350,59195,61017,61622,63738,64669,670066,676211,681358,686967,692389,698522,703966,710272,725672,713718
"50000US2703","Congressional District 3, MN",75250,78023,81355,85729,87616,88229,90386,89439,673379,680724,688465,695383,703785,710378,716887,722911,732483,707707
"50000US2704","Congressional District 4, MN",90467,92400,96316,97345,100041,99635,101007,97053,672356,679686,687656,693301,701130,706259,711057,715331,721898,708545
"50000US2705","Congressional District 5, MN",101887,101661,107509,107953,108074,105830,106357,100647,672851,680007,687435,693188,702022,707352,712914,717702,728368,707627
"50000US2706","Congressional District 6, MN",28435,29556,31537,34329,35636,35776,37613,40814,669600,675539,681284,687421,694849,702583,710595,720083,727471,715967
"50000US2707","Congressional District 7, MN",18848,19759,21263,22110,22633,22116,22340,22950,662031,662431,663049,663338,663307,664941,666100,666735,672622,713351
"50000US2708","Congressional District 8, MN",11315,11263,12006,11867,12315,11948,11393,12760,662593,662998,662686,662772,663113,664674,666672,669189,674072,715514
"50000US2801","Congressional District 1, MS",16286,16186,17165,17241,17586,18887,19002,19296,745946,749866,752701,755945,757425,760715,762562,765835,757560,741109
"50000US2802","Congressional District 2, MS",12493,11451,11007,11431,10784,9413,9055,10623,736637,733388,729410,723747,716972,711716,703564,694447,685584,738521
"50000US2803","Congressional District 3, MS",16950,17235,17844,17922,19268,18897,17892,16578,745663,747571,748654,748787,748858,749199,748578,748342,748808,738576
"50000US2804","Congressional District 4, MS",23418,22484,22904,23182,22860,22046,22631,21321,748626,753520,757316,760713,762965,767132,769714,773211,775071,740640
"50000US2901","Congressional District 1, MO",43230,42972,44770,45486,47055,45626,45806,48192,747568,745884,744066,740262,736659,732537,727393,725037,720952,766456
"50000US2902","Congressional District 2, MO",53118,54255,54132,56676,57114,59087,59449,52047,752009,754011,757785,760782,762444,763266,764022,762478,770323,764420
"50000US2903","Congressional District 3, MO",17688,16821,17293,18166,18481,18438,18105,25965,753878,759626,763567,768153,775379,782693,788763,796189,800026,770039
"50000US2904","Congressional District 4, MO",22984,23300,23344,24532,25986,25837,24637,19740,751928,756097,758907,761184,762923,765070,767364,771796,775737,771882
"50000US2905","Congressional District 5, MO",43244,41672,44992,45345,47424,46709,47764,51015,750456,752373,754804,757531,761929,764511,768223,773768,784962,768398
"50000US2906","Congressional District 6, MO",21512,21367,22088,22134,22827,23266,23999,19291,751467,755179,757302,760050,763913,768533,772869,775367,778899,769064
"50000US2907","Congressional District 7, MO",25706,25421,25514,24598,25770,25742,26049,26974,752890,757096,761206,764936,768753,773182,777375,782474,788437,771969
"50000US2908","Congressional District 8, MO",10003,10277,10707,10851,11062,11657,11021,13398,746986,747810,747811,746753,743300,740270,738901,737051,722198,772194
"50000US3101","Congressional District 1, NE",39622,41136,43106,43797,44870,47517,47934,49214,614946,620772,627284,630685,636147,641533,644886,649058,657029,653295
"50000US3102","Congressional District 2, NE",52562,53588,55530,56900,58773,60695,62282,57667,618515,626633,634595,643888,652312,659795,668413,675243,693079,652597
"50000US3103","Congressional District 3, NE",31167,31809,32024,32727,34256,34404,34999,36988,608164,608212,607486,606686,605462,603432,601272,599525,601372,653047
"50000US3201","Congressional District 1, NV",207496,210528,216481,214897,219025,218126,210818,170384,663227,667777,675450,685133,692075,689384,692355,701019,688773,756838
"50000US3202","Congressional District 2, NV",86982,87258,86040,86305,87362,89786,90161,93312,679579,685039,690426,696099,702115,708357,716367,725776,748896,777013
"50000US3203","Congressional District 3, NV",130243,135884,139748,145216,148072,154826,156944,185561,700887,712425,723741,739847,762236,785285,811145,835738,840860,783412
"50000US3204","Congressional District 4, NV",112545,114027,119488,120021,122301,125083,129000,141774,686373,696343,709019,718093,731299,739823,752515,767748,780709,787554
"50000US3301","Congressional District 1, NH",38621,39102,39047,39671,41576,41458,42059,41418,660978,662609,665132,667330,670467,677001,680153,684286,694723,689659
"50000US3302","Congressional District 2, NH",37254,38220,40096,41787,41342,41428,41040,40900,658193,658460,659069,660173,661381,666621,667971,670958,677452,689951
"50000US3401","Congressional District 1, NJ",69610,69604,70016,69280,70284,70466,74002,77288,732996,732065,731683,731077,730635,726200,725599,725464,748305,770451
"50000US3402","Congressional District 2, NJ",76724,76723,75360,73918,72619,71183,73658,76755,733531,733867,732697,729824,726894,719651,714910,712096,732891,777770
"50000US3403","Congressional District 3, NJ",60836,60741,61347,62986,63145,66198,68866,116453,735171,736430,736043,736722,737263,735635,737334,740858,753485,777191
"50000US3404","Congressional District 4, NJ",87128,88801,89932,88773,90509,88634,94057,68299,733407,735042,738191,738951,741766,739922,740712,742779,790796,774829
"50000US3405","Congressional District 5, NJ",147689,146774,148288,148233,147884,147981,151710,196967,735803,738250,741254,742080,745615,737642,736353,735376,747027,771690
"50000US3406","Congressional District 6, NJ",211066,210712,214245,210041,208782,212001,222575,222970,736846,740992,743854,743100,745204,736045,733994,733029,762161,772409
"50000US3407","Congressional District 7, NJ",131049,131791,134935,137518,140571,142050,147678,120109,735783,738143,740850,741497,745147,739893,739089,738017,757080,775299
"50000US3408","Congressional District 8, NJ",334261,336858,342093,334790,339218,343379,363270,343637,744775,755025,762276,766386,774492,760952,762459,762224,806843,760708
"50000US3409","Congressional District 9, NJ",270689,274728,280966,280388,288134,294338,307326,287303,738554,745691,749137,751662,758209,751755,752451,753721,785894,765162
"50000US3410","Congressional District 10, NJ",206224,208070,215587,219259,223468,227691,247915,230834,732011,736086,738622,741960,754301,749828,751853,758408,811105,764061
"50000US3411","Congressional District 11, NJ",130786,133010,135709,135920,136594,139604,142105,163917,735532,738702,741282,740727,743033,735773,735094,735124,757864,769976
"50000US3412","Congressional District 12, NJ",203147,205643,210801,207113,211033,209651,222217,230014,737997,744081,748524,751470,757602,748549,748655,748322,780573,769517
"50000US3501","Congressional District 1, NM",75292,74069,71598,72355,71140,70874,71541,55912,691624,694375,693273,692610,691746,695519,695715,699637,693653,707680
"50000US3502","Congressional District 2, NM",81384,82298,84065,83539,82175,79296,78127,83133,691876,696389,699589,698524,696944,700177,700115,700971,711510,703136
"50000US3503","Congressional District 3, NM",47044,44991,45648,45340,43849,43066,43586,54630,686206,689321,691255,691535,696138,696738,696624,696413,704203,701647
"50000US3601","Congressional District 1, NY",89315,89710,91978,90145,91162,89629,94756,106068,720418,722670,723323,722038,721210,717383,716532,715479,738752,778417
"50000US3602","Congressional District 2, NY",124482,126890,127264,126204,125898,125029,127851,138779,721578,723744,723479,720950,721061,715030,711836,710764,730154,772462
"50000US3603","Congressional District 3, NY",157863,159328,163036,164297,164673,164419,168126,208414,720750,720393,723457,724563,731138,727480,727151,727386,742196,776626
"50000US3604","Congressional District 4, NY",158143,160512,161890,163460,164913,165342,172684,182681,715641,720624,721286,722016,724387,722626,723357,722351,747392,773437
"50000US3605","Congressional District 5, NY",324869,328134,331827,327068,329466,329161,349819,339490,747137,760308,765409,774752,784341,772342,771094,768316,813708,800945
"50000US3606","Congressional District 6, NY",376093,376191,381122,375418,372828,369737,383485,405607,717451,721015,727625,730534,742207,732433,729469,729584,760652,755796
"50000US3607","Congressional District 7, NY",274468,274091,272277,258172,254808,246443,253543,247464,739966,740178,745005,748294,750580,734208,730822,721505,752935,748880
"50000US3608","Congressional District 8, NY",247720,250798,257729,257097,253393,251501,264190,272537,724625,735611,744271,753062,772709,771343,772576,773165,818072,778365
"50000US3609","Congressional District 9, NY",299888,299168,296376,290717,284026,277734,288383,283410,728973,734248,740868,742131,746279,733271,726825,720840,757933,761493
"50000US3610","Congressional District 10, NY",232519,231298,235093,230352,228613,225223,233093,206230,718444,729578,731519,731073,740752,730760,731480,732646,763710,738425
"50000US3611","Congressional District 11, NY",215614,216073,220053,221849,223077,224554,235861,244666,719449,727304,731365,729159,733750,730634,730637,729841,761248,759570
"50000US3612","Congressional District 12, NY",194479,193929,194055,191270,191350,191126,194995,175097,708992,716393,723973,725977,732140,719072,721821,721308,741461,711829
"50000US3613","Congressional District 13, NY",278271,281699,283965,282307,275135,267232,274605,284904,741564,747559,759136,768090,782402,774528,767710,759560,780893,813765
"50000US3614","Congressional District 14, NY",339428,332069,333771,322021,316709,309706,325480,275393,712284,721129,728916,722309,721690,705681,694613,686868,717057,727966
"50000US3615","Congressional District 15, NY",260539,267111,273806,270139,269332,257942,259190,250868,721177,733612,739618,747882,758424,744647,744473,735959,755887,764377
"50000US3616","Congressional District 16, NY",218755,221324,223860,225307,226370,222496,231570,227932,729011,733388,737824,738787,745855,741586,744267,745591,774781,773881
"50000US3617","Congressional District 17, NY",171254,172636,173171,169771,169751,171584,174241,142728,725298,730820,735374,738467,742801,738481,739314,740776,761994,775256
"50000US3618","Congressional District 18, NY",85883,84633,85993,85303,85651,91463,92204,87544,717584,719388,720822,721184,723244,721629,722792,724007,743362,778056
"50000US3619","Congressional District 19, NY",45151,45381,45778,46003,45693,45134,44736,53422,716083,712982,710732,707053,705473,700993,698759,697087,701650,774864
"50000US3620","Congressional District 20, NY",58112,60836,63962,65650,68960,69282,71230,69579,719589,722569,723568,725336,727071,725925,725988,726000,743851,779088
"50000US3621","Congressional District 21, NY",24899,24057,23736,23995,22554,23476,23841,27340,719261,719085,718502,715390,712223,706791,703073,700529,708621,777284
"50000US3622","Congressional District 22, NY",36355,36785,36257,36695,36728,38383,40237,58266,714956,713482,711202,708362,704369,699564,696141,692234,697709,772136
"50000US3623","Congressional District 23, NY",27328,27786,28628,28505,28698,28288,27775,21587,716445,715480,713070,709936,706305,699965,695215,691390,694520,776787
"50000US3624","Congressional District 24, NY",40914,40535,41561,42313,43307,41697,42772,21518,716540,716454,715530,713917,712307,707425,704757,702143,716288,777980
"50000US3625","Congressional District 25, NY",61116,62467,62956,63289,64086,62332,63657,61077,719996,721240,722333,722212,721651,717362,716736,716440,730626,774084
"50000US3626","Congressional District 26, NY",54442,54239,56435,58481,58977,60027,62354,65431,716451,716222,715616,714792,715764,711502,709541,707963,738583,772610
"50000US3701","Congressional District 1, NC",46613,52754,54302,55007,56665,56225,57188,30516,728046,727784,729228,745646,750304,753591,755156,760016,741907,748754
"50000US3702","Congressional District 2, NC",67507,55748,57439,58989,60039,63127,66386,115050,751263,762270,773870,791508,806396,822252,840465,865706,892874,738814
"50000US3703","Congressional District 3, NC",32452,31762,31459,30080,31054,30062,29810,39210,743991,749638,753337,749072,754005,754824,756531,760373,752206,746908
"50000US3704","Congressional District 4, NC",103066,121952,127929,129917,135995,133574,134499,83239,743030,760207,774527,806437,825295,840168,857571,866455,867309,743550
"50000US3705","Congressional District 5, NC",49083,46121,47578,47886,47670,48197,47800,44213,740236,743061,746472,745704,749093,752439,756559,761079,756848,747107
"50000US3706","Congressional District 6, NC",45693,53095,52817,53507,54058,55444,58479,67928,747697,749563,751215,754902,757229,762671,768774,777809,789755,745094
"50000US3707","Congressional District 7, NC",48351,47627,47764,48537,49229,46844,45898,32423,742794,752216,762894,768409,777138,787034,795777,807268,772968,754700
"50000US3708","Congressional District 8, NC",45103,46467,48420,49473,51803,54084,55386,51872,735302,737740,742467,760680,772777,779035,788902,798557,805788,748980
"50000US3709","Congressional District 9, NC",80457,55950,56336,57991,59374,60248,62067,49988,750787,769339,786999,763890,772073,779186,783780,788078,764664,747637
"50000US3710","Congressional District 10, NC",36715,35977,36995,36912,37478,37713,38239,38556,733481,737538,740474,743721,749120,753325,760336,765741,769560,749703
"50000US3711","Congressional District 11, NC",33000,33647,33703,33985,35514,34679,35272,36794,735900,737861,740031,743349,746213,752316,758083,765533,766426,746329
"50000US3712","Congressional District 12, NC",109899,126538,132100,134486,140809,147291,148944,103652,749231,760454,771401,811813,830510,847254,865614,885774,895417,742097
"50000US3713","Congressional District 13, NC",60100,60053,61183,62895,63077,65196,66096,65832,749622,762734,772418,755697,762411,771529,777328,783838,791300,760678
"50000US3800","Congressional District (at Large), ND",22829,24365,26716,29630,30794,32389,33955,34194,689781,704925,721640,736162,745475,752201,756717,760394,773344,776874
"50000US3901","Congressional District 1, OH",38736,40117,42226,44890,46104,47684,51160,53315,721708,724254,727194,730363,733390,737765,742004,747788,763591,785183
"50000US3902","Congressional District 2, OH",20566,20363,21453,21750,22040,22488,22167,8928,723706,724395,724744,724850,726067,728702,728713,729324,732156,786866
"50000US3903","Congressional District 3, OH",80467,82160,85377,93759,95762,98328,104929,94946,724900,734710,745041,757872,770797,785158,790144,797029,804631,785445
"50000US3904","Congressional District 4, OH",11706,11981,12896,13397,13858,13642,14000,27644,718572,717325,714052,712613,711332,711251,710991,710636,715108,787372
"50000US3905","Congressional District 5, OH",18152,18732,19379,20389,20442,20260,20435,17056,723657,724014,723565,724865,722212,722734,722911,722437,728981,785703
"50000US3906","Congressional District 6, OH",7279,7794,7142,7302,7459,7370,6833,11750,717868,715394,711496,707254,703764,700099,696108,692579,689093,784426
"50000US3907","Congressional District 7, OH",13326,13736,14116,13771,13248,13750,13065,51875,721469,721392,724257,723913,724257,726547,727518,731042,737294,783302
"50000US3908","Congressional District 8, OH",25150,25679,27154,28005,29116,30687,32326,40000,721860,722987,723955,724240,725385,728116,729572,732249,742413,784012
"50000US3909","Congressional District 9, OH",30668,30925,32445,32510,33811,34451,33670,23051,718756,715074,714244,712630,710563,709760,706921,704685,707993,784857
"50000US3910","Congressional District 10, OH",30436,31234,33267,34315,34829,34670,35320,35810,723247,722301,722051,721070,720851,721945,722027,723673,727632,784983
"50000US3911","Congressional District 11, OH",37299,36190,37769,37613,38167,37479,38402,47993,710894,709140,705697,700217,697927,693817,689571,686269,690420,781356
"50000US3912","Congressional District 12, OH",36318,37878,40223,42593,46375,49290,50469,17624,729175,737223,747035,753567,761758,770907,781470,789894,801233,788205
"50000US3913","Congressional District 13, OH",23882,25323,25772,25478,25446,25391,23503,33991,722210,715744,713291,711936,710834,710422,708540,705582,703031,785253
"50000US3914","Congressional District 14, OH",37361,36312,36176,36373,36352,36416,39016,24277,719933,719971,719406,718097,718257,717865,716938,715868,726849,785932
"50000US3915","Congressional District 15, OH",27395,28512,28975,30202,31653,31193,32789,62804,730666,733979,737572,741447,749429,754510,761678,768439,764503,781788
"50000US4001","Congressional District 1, OK",56475,58658,60924,63124,63712,64504,65724,65493,758636,765752,773811,781427,789968,797151,801857,806758,822185,792397
"50000US4002","Congressional District 2, OK",14736,15513,15945,16142,16514,16978,16841,19208,748973,749835,749607,748897,748004,748286,748847,749583,726329,797693
"50000US4003","Congressional District 3, OK",35156,36434,37314,38312,40062,39786,38875,68202,755153,761781,767882,772392,773867,776845,778159,778830,783317,792662
"50000US4004","Congressional District 4, OK",34703,33990,34343,34993,35520,36342,37512,37127,759834,767647,773971,777882,780488,783867,786723,792809,797930,794112
"50000US4005","Congressional District 5, OK",80831,80921,81060,81965,80561,80202,80250,51634,763146,773836,784462,794991,803924,811988,817284,821362,818375,793633
"50000US4101","Congressional District 1, OR",112380,114156,115838,119814,122395,126265,126215,106574,778240,787501,797650,807470,817756,832139,842952,851961,856074,703447
"50000US4102","Congressional District 2, OR",47197,47933,49152,50567,50731,49258,52215,40255,770897,775034,781254,788709,794957,805737,817793,828446,843033,705019
"50000US4103","Congressional District 3, OR",108554,108017,111318,111951,111409,110564,108614,93564,778448,787945,799338,811147,820929,830995,837545,843221,844479,701275
"50000US4104","Congressional District 4, OR",41330,41252,41886,43691,42553,42372,42701,39238,768142,770520,773605,779056,785159,794776,803194,813504,818485,705794
"50000US4105","Congressional District 5, OR",79245,79266,80216,79805,80556,81415,82646,48694,772994,779343,787386,795885,806326,818296,828319,839214,845106,707199
"50000US4201","Congressional District 1, PA",93235,95450,98311,69587,74767,74673,77924,79226,704640,705306,707654,718736,723042,709207,709812,709715,728310,763498
"50000US4202","Congressional District 2, PA",58733,59538,61336,129596,132287,133519,134726,142452,711856,715511,719392,712388,716385,734861,737498,741380,741528,762893
"50000US4203","Congressional District 3, PA",16258,16933,17497,67090,67635,67194,69241,73780,703635,701824,700703,697809,695002,722979,722876,721131,736685,756676
"50000US4204","Congressional District 4, PA",33556,34979,37072,71331,70945,74017,74965,66034,708838,711945,714595,717233,720275,724647,726966,730845,750478,764402
"50000US4205","Congressional District 5, PA",22520,22800,23420,83268,86122,89378,91541,92114,705868,706409,706400,705575,702582,714120,716440,717928,728014,763043
"50000US4206","Congressional District 6, PA",50608,51189,53403,73479,73593,73540,76318,78592,711013,715481,719763,722755,726341,725593,728613,731115,748941,766664
"50000US4207","Congressional District 7, PA",51642,53295,54673,69823,71826,73259,77105,76339,708947,712481,716023,717691,718119,722048,726011,730122,742270,766617
"50000US4208","Congressional District 8, PA",59384,61030,63135,48898,48929,50195,54465,60826,707163,707804,708560,708465,709322,695547,694123,694063,711220,764480
"50000US4209","Congressional District 9, PA",11132,10889,11345,20908,21661,21659,22761,18882,703670,702362,701011,698749,694033,705114,705270,705602,706475,765339
"50000US4210","Congressional District 10, PA",22271,22351,22643,47442,49444,50636,53287,51830,706743,705770,704169,701757,699026,727144,731136,736031,754965,766732
"50000US4211","Congressional District 11, PA",32494,33226,33775,32235,31670,33376,35484,36104,705658,706538,707670,706988,707296,728820,732060,735086,744465,765641
"50000US4212","Congressional District 12, PA",19252,20038,20317,20610,21331,20561,19902,42878,705045,705303,704203,702324,699504,701191,699352,696809,688872,763762
"50000US4213","Congressional District 13, PA",121251,125427,128853,15145,15565,15802,15508,15568,712645,719828,721966,723656,727631,698730,697483,695441,696156,765340
"50000US4214","Congressional District 14, PA",37064,37761,38587,11212,11428,11867,11970,11879,705961,705049,704815,702800,701608,691459,687897,685084,690770,763254
"50000US4215","Congressional District 15, PA",54366,54976,56048,11030,10130,10157,10286,21646,710592,713582,716514,719408,722676,685714,680881,677288,677635,765029
"50000US4216","Congressional District 16, PA",51711,52762,55248,20158,18557,18589,18209,19602,709239,713791,717967,722007,725929,692426,687946,684242,688843,765331
"50000US4217","Congressional District 17, PA",40185,40529,41050,32559,33364,34346,35544,36590,702324,701861,700379,698821,696919,711725,711092,709873,733477,760507
"50000US4401","Congressional District 1, RI",88062,89877,91571,91540,92904,95510,99629,97814,527330,527527,528427,529708,532360,532760,533730,532603,551867,545354
"50000US4402","Congressional District 2, RI",55102,55339,55036,55388,54020,56775,59772,63057,524365,525725,525234,524783,523778,523851,523501,525195,540082,548896
"50000US4501","Congressional District 1, SC",44016,43504,44155,44620,47457,49862,49840,41896,682503,697052,712074,731010,748066,766664,785395,804679,802857,734138
"50000US4502","Congressional District 2, SC",32491,32996,35323,35614,35880,37156,37090,38282,667132,673950,681406,689145,697001,707819,714742,724704,717963,735646
"50000US4503","Congressional District 3, SC",22872,23524,23969,24654,26274,26748,26059,27648,664164,665355,668814,672526,677940,684952,693354,698745,700576,731595
"50000US4504","Congressional District 4, SC",52934,52984,54054,55373,57750,58047,61573,62224,669584,678947,689104,697852,708271,718032,727293,739881,752791,737328
"50000US4505","Congressional District 5, SC",23145,23531,24601,24975,27714,30815,30954,32376,666672,672918,678910,687477,695549,706085,717411,729840,727226,733429
"50000US4506","Congressional District 6, SC",25135,25398,26090,25963,27473,28606,27773,34514,662031,665292,667105,667168,667841,662894,662643,662925,653349,732601
"50000US4507","Congressional District 7, SC",27825,28804,29618,29289,30109,32012,30660,32309,667516,673759,680163,689427,698776,709479,719968,730743,724141,738013
"50000US4600","Congressional District (at Large), SD",25430,27195,28358,30112,32011,34911,33705,33393,825198,834708,843190,851058,855444,864289,870638,879336,881785,890342
"50000US4701","Congressional District 1, TN",19815,18945,19645,19877,20802,20847,20724,22732,707012,709035,709547,711220,712059,713768,716773,720629,725183,769366
"50000US4702","Congressional District 2, TN",30687,31269,32248,31865,32350,34456,34929,35288,711088,716476,721436,726682,732230,738722,746435,754370,767016,771752
"50000US4703","Congressional District 3, TN",24667,24695,25233,25547,27020,27184,29046,33637,710552,714069,717815,719834,723001,726454,730736,736098,734250,771173
"50000US4704","Congressional District 4, TN",35903,36187,38184,39630,41562,42193,45587,41882,714362,723392,733717,745636,756359,769786,784717,800304,821348,771866
"50000US4705","Congressional District 5, TN",81655,82994,86134,89429,91251,90867,96999,85465,716926,726983,737704,747388,758995,765122,769198,773359,792617,767227
"50000US4706","Congressional District 6, TN",24995,24729,26372,26955,28102,27905,29189,39580,713046,720356,728457,737895,746798,759176,773038,786772,800493,773165
"50000US4707","Congressional District 7, TN",29091,29365,30518,31106,32090,33613,36947,39563,714583,723369,732702,742791,752931,764797,776612,789106,812291,766775
"50000US4708","Congressional District 8, TN",24493,24449,24161,25561,26607,27585,28806,27140,704440,707516,707982,708571,709012,708031,708466,708450,712769,765143
"50000US4709","Congressional District 9, TN",43669,42664,44368,44064,44334,42725,43119,48153,710378,710169,710255,707992,705996,705233,703381,703180,693530,767305
"50000US4801","Congressional District 1, TX",54625,54131,54225,55167,53735,55281,54864,55493,702286,707224,709646,711851,713841,718215,719958,722673,720481,769305
"50000US4802","Congressional District 2, TX",156223,158979,164021,164101,163667,165643,170933,117866,714222,727414,745283,758738,767312,785386,794851,809751,814155,761434
"50000US4803","Congressional District 3, TX",150514,158944,168793,182115,191094,199416,208480,132306,724951,747659,770105,791520,816143,842866,867470,896996,910097,780231
"50000US4804","Congressional District 4, TX",45310,45344,46593,48531,49718,50502,54099,123631,704830,709974,714953,721526,728435,738929,751164,765400,783941,773348
"50000US4805","Congressional District 5, TX",101280,104535,107963,108710,110745,107872,111326,122407,705642,715045,724157,731797,740618,744338,751567,758131,773738,773020
"50000US4806","Congressional District 6, TX",94418,96219,101969,103142,104563,109696,114250,127408,713938,722690,732310,745202,759949,773108,785330,802430,821592,763185
"50000US4807","Congressional District 7, TX",207936,214850,222161,232561,237731,236017,239006,302247,708385,727295,742386,753088,770276,785024,787830,793324,791353,781231
"50000US4808","Congressional District 8, TX",89576,95442,98629,103056,109217,109000,116473,145322,721673,740003,759942,782315,807525,832589,858427,879149,901501,771642
"50000US4809","Congressional District 9, TX",244127,254913,265365,269417,270298,267252,267660,213231,708720,726971,741226,762611,780017,781992,782123,773209,765963,757232
"50000US4810","Congressional District 10, TX",119684,124776,133937,140432,151326,151879,159979,90592,720957,739999,760755,783310,813505,839780,875936,904588,921341,765079
"50000US4811","Congressional District 11, TX",63998,65427,68265,69752,72273,72294,72888,78418,710994,721014,733162,744592,753479,764038,772210,778607,771174,760697
"50000US4812","Congressional District 12, TX",76672,79648,81845,82271,85124,85386,88468,81184,714739,728496,742964,758403,773234,793259,811608,824946,846301,771857
"50000US4813","Congressional District 13, TX",61601,64449,66454,67302,67669,66668,65908,77082,699400,702742,705632,707120,708616,710847,710097,712033,709295,769816
"50000US4814","Congressional District 14, TX",74945,76588,79166,80342,80115,78448,81929,74974,703962,711271,717656,726919,737708,747166,751606,757773,771651,768073
"50000US4815","Congressional District 15, TX",170791,170971,170878,174456,174732,173722,172420,171776,712825,727807,740657,753132,764749,776971,786367,794094,803835,764599
"50000US4816","Congressional District 16, TX",179320,178002,178568,174026,168963,166578,167997,175175,710356,719126,728187,732018,734516,737368,737398,740915,755415,771490
"50000US4817","Congressional District 17, TX",86277,86926,91006,93069,91956,93239,94544,71877,709510,719609,727840,738775,750555,764593,771317,790135,802448,777093
"50000US4818","Congressional District 18, TX",157001,159932,165085,169843,172697,178707,179296,182928,710407,723033,736283,749983,766074,776383,778625,789793,789886,768562
"50000US4819","Congressional District 19, TX",55541,55120,56692,59400,59163,60279,60281,64306,703351,708764,713951,718947,721822,725504,727765,731230,728159,766171
"50000US4820","Congressional District 20, TX",110136,113344,116021,118177,120371,120442,117137,118091,713976,729581,749530,762155,776926,798543,809092,823263,798649,797033
"50000US4821","Congressional District 21, TX",69593,72335,75313,78523,82173,79821,82521,67028,714289,730229,746822,762036,777686,795908,810719,826791,826193,764786
"50000US4822","Congressional District 22, TX",187549,197226,207430,222666,232424,238023,248143,176128,725946,754107,786002,814295,844913,880197,911440,941210,961113,781040
"50000US4823","Congressional District 23, TX",124557,126580,127546,128394,127648,129702,134368,114896,713442,725712,730817,741364,752067,760106,769173,767109,806245,745532
"50000US4824","Congressional District 24, TX",169072,173301,182136,189298,198883,204054,207541,108337,720793,733485,747381,759717,774968,789219,802353,813614,809110,756184
"50000US4825","Congressional District 25, TX",60858,60831,60137,60227,61410,62118,66873,80966,718722,727461,738761,746615,755821,768407,783085,804296,832621,778250
"50000US4826","Congressional District 26, TX",92289,97746,104490,107331,114960,120972,125993,115622,725214,746163,771286,796179,823749,848154,874507,901361,923492,775735
"50000US4827","Congressional District 27, TX",58539,59668,60852,63950,66380,64294,64278,62501,704490,711777,719002,726807,732212,737102,740124,740663,739341,768203
"50000US4828","Congressional District 28, TX",160114,158691,159404,157946,155826,153894,153922,125006,710874,721585,730332,735440,742188,750331,750087,759810,770051,764122
"50000US4829","Congressional District 29, TX",240205,242363,245504,246937,244094,243385,237015,248436,715491,722730,730411,729879,740295,745389,745825,739994,734456,774018
"50000US4830","Congressional District 30, TX",125798,129623,132565,136644,139269,134742,137966,128158,709475,721420,733277,745784,760204,776026,782114,788685,789297,771989
"50000US4831","Congressional District 31, TX",77182,80095,84117,89379,94746,100195,106102,77384,719948,739671,759528,782478,806513,829808,856506,884928,914699,780858
"50000US4832","Congressional District 32, TX",151212,155594,161451,169188,171850,173737,171889,202614,709158,720276,732953,742056,752654,764700,774063,780503,771112,758895
"50000US4833","Congressional District 33, TX",235037,235229,236555,241678,242600,231964,231346,249710,706780,716203,720668,719958,727777,736783,739374,738970,727423,776063
"50000US4834","Congressional District 34, TX",145822,143364,141843,140266,135657,132062,131638,168215,705858,712594,717149,718321,720989,722603,721500,719488,712253,774101
"50000US4835","Congressional District 35, TX",127545,128368,130613,132692,132954,126784,124939,123929,714116,737816,758070,777259,795361,806895,825790,830798,805089,768499
"50000US4836","Congressional District 36, TX",73778,74833,74857,75774,78671,78954,81781,99232,709653,715087,719530,724245,726915,736668,743455,748782,759111,762290
"50000US4901","Congressional District 1, UT",42959,42859,42328,43160,42842,43176,43840,50131,700815,710364,720434,730389,740424,751772,762720,773796,792511,822008
"50000US4902","Congressional District 2, UT",70062,70376,70218,72424,74476,73422,73400,86097,699359,708271,718869,727562,739470,752756,766444,781231,792727,823538
"50000US4903","Congressional District 3, UT",51780,52183,53372,54609,56186,57462,58349,64234,702059,710861,720828,732869,740511,749828,761759,770532,778400,813368
"50000US4904","Congressional District 4, UT",77991,79364,82217,86343,88344,90478,97868,73743,711440,728615,743248,757607,773536,790994,805925,825680,867732,824895
"50000US5000","Congressional District (at Large), VT",26676,27559,28213,28992,29328,28468,28005,27242,625904,626358,626604,626249,624636,624977,624313,624340,641637,643816
"50000US5101","Congressional District 1, VA",65658,63623,66718,67668,71147,77758,81699,63856,741896,751039,757549,767681,776151,785774,793627,800745,816464,789933
"50000US5102","Congressional District 2, VA",59999,61596,61766,64182,64076,65707,64329,57916,724953,729703,736280,739007,738962,738568,738524,739205,747365,783084
"50000US5103","Congressional District 3, VA",38704,39089,39901,39932,41586,43373,44666,49809,740448,742508,741771,738466,738417,738833,739947,740270,752479,778421
"50000US5104","Congressional District 4, VA",36814,36610,37483,38640,39873,41125,43213,57278,733796,738714,743687,754069,760613,765419,770323,775135,785406,784211
"50000US5105","Congressional District 5, VA",31372,31302,32105,33772,33202,33161,34292,33763,727039,729232,731594,731805,733693,734216,735069,739280,741491,789918
"50000US5106","Congressional District 6, VA",38357,39943,40491,41331,41132,41008,40738,45879,733703,737148,740643,744504,746117,750774,753338,756347,759456,783906
"50000US5107","Congressional District 7, VA",65232,70840,72637,76546,77503,79029,80458,119505,736026,746349,756666,762523,769141,777354,785194,798194,811302,786030
"50000US5108","Congressional District 8, VA",220964,223290,227926,230913,231453,224869,220177,211314,741105,757331,772740,778376,787232,792945,798227,800273,796645,778819
"50000US5109","Congressional District 9, VA",19919,19167,18901,18414,18328,19304,18966,24077,723672,722813,721066,717480,714326,711468,707798,705034,698788,785903
"50000US5110","Congressional District 10, VA",158830,163466,172055,177903,182185,192608,198307,184743,751122,767831,782678,796568,813785,826914,838538,853906,869926,783536
"50000US5111","Congressional District 11, VA",230820,237607,245017,248893,251109,250554,250092,233272,746893,762463,771956,779822,787515,791509,793878,800969,803157,780750
"50000US5301","Congressional District 1, WA",109328,113509,119129,122533,129021,137087,143462,183491,684234,697086,706079,716614,729667,742135,754006,768331,778963,768493
"50000US5302","Congressional District 2, WA",96315,98141,101343,106833,109686,114544,114987,103532,678741,685784,696458,706518,715426,730430,741822,753529,758640,770694
"50000US5303","Congressional District 3, WA",56544,58995,60018,60919,63094,64513,67394,67458,679270,685412,692893,699966,708507,719101,730720,743780,762407,770201
"50000US5304","Congressional District 4, WA",114129,114584,116702,117771,119903,119008,121241,124505,682322,691843,699457,704697,711057,719814,725467,732957,744547,769380
"50000US5305","Congressional District 5, WA",40482,39598,40120,40928,41772,41434,40991,43938,676586,680713,685344,691150,696562,705266,714669,724483,742007,773672
"50000US5306","Congressional District 6, WA",45972,45737,46023,47942,47588,47844,49406,54277,677416,678377,680773,686051,689399,698764,709226,719626,729130,771582
"50000US5307","Congressional District 7, WA",111572,116225,120536,128381,136130,144734,141678,141716,686251,699468,713395,729532,746893,768042,782676,798799,787902,765336
"50000US5308","Congressional District 8, WA",87804,91256,95691,101946,107567,111405,119581,107239,687373,691393,705178,713794,725674,737080,751143,758134,772133,768045
"50000US5309","Congressional District 9, WA",203578,208233,216068,219685,225086,228845,234468,222781,682076,694619,705071,714192,726425,738464,746443,750506,765280,762237
"50000US5310","Congressional District 10, WA",71869,70928,70907,74063,76713,80262,83350,86678,685310,694428,700816,710632,720357,735240,747935,762320,776355,768909
"50000US5401","Congressional District 1, WV",9977,10551,11148,11252,11419,11234,10379,10038,616974,617878,617868,617075,615449,614325,611109,608716,604226,893959
"50000US5402","Congressional District 2, WV",12229,12453,12536,12780,13120,12873,13186,18744,622552,624133,624926,625142,623720,623350,622065,621458,621999,899008
"50000US5501","Congressional District 1, WI",36676,37355,37618,37322,38597,41051,42206,47342,712056,713727,714836,715455,716303,717432,718226,719909,725418,733336
"50000US5502","Congressional District 2, WI",49269,50792,53143,53987,55971,54846,56801,51487,719912,726365,734213,741376,747025,754999,762159,768381,783230,735105
"50000US5503","Congressional District 3, WI",17087,17321,18014,19395,19900,19603,19530,19254,712838,715142,716980,718576,718086,719855,721298,723425,731014,735541
"50000US5504","Congressional District 4, WI",68416,68120,67587,69555,69869,70085,68301,70940,712768,714688,716353,715266,715308,713066,710311,708155,696075,731384
"50000US5505","Congressional District 5, WI",34538,34782,35103,36174,34982,35308,36902,34145,713484,715229,717385,719342,720844,723040,725071,727631,732692,738618
"50000US5506","Congressional District 6, WI",24970,26001,26376,26594,26682,26963,27597,27574,711216,711646,711964,712501,712513,713439,713539,714867,725311,734872
"50000US5507","Congressional District 7, WI",15570,15719,15787,16263,16103,15701,15975,16660,710298,710394,709686,709035,707988,708307,709130,711161,729683,737082
"50000US5508","Congressional District 8, WI",26859,27145,27760,28086,27613,27630,27754,26906,714299,717501,720700,723247,725150,728256,730982,733446,748238,736190
"50000US5600","Congressional District (at Large), WY",20605,20712,20719,20292,19998,19287,19670,19677,570134,575251,579679,583029,583200,581836,581024,581348,576641,577929
"50000US7298","Resident Commissioner District (at Large), PR",,,,,,,,,3682966,3638965,3583073,3529385,3468963,3386941,3318447,3255642,3311274,3272382
"50000US0653","Congressional District 53, CA",171726,172416,173436,174380,176789,168375,166184,,721393,732283,745567,753024,761273,769137,774603,769064,770304,
"50000US1718","Congressional District 18, IL",26173,26555,27328,27189,26785,26890,27210,,717252,716880,715977,713836,711884,707835,705247,700594,702540,
"50000US2600","Congressional Districts not defined, MI",,,,0,,0,0,,,,,,,0,,0,0,
"50000US2614","Congressional District 14, MI",69567,69013,69030,72126,72425,71950,72949,,704901,698206,695069,692259,692552,691955,691180,688778,693261,
"50000US3000","Congressional District (at Large), MT",20985,20912,21771,22685,23048,23321,23561,,998554,1006370,1014699,1023391,1029862,1041732,1050649,1061705,1077978,
"50000US3627","Congressional District 27, NY",24872,24609,24085,24072,23531,23252,23214,,717390,718854,719351,719191,718095,715792,715340,715117,720710,
"50000US3916","Congressional District 16, OH",37844,37772,37965,38609,40359,39559,41345,,720969,722477,722377,722007,722933,722281,720291,717781,734995,
"50000US4218","Congressional District 18, PA",24866,25198,25041,41483,43337,44316,45571,,707544,707884,707775,706815,704815,699856,696074,693130,701546,
"50000US5403","Congressional District 3, WV",6159,5904,5894,5608,5632,5477,5299,,614093,611870,608626,603875,597674,591379,584131,577252,574824,